missing_filename,unknowns_matched_filenames,distance,best_match,valid_found
reunited_image_53.png,['john_doe_image_313-checkpoint.png'],"0    1.163867
Name: distance, dtype: float64",john_doe_image_313.png,True
john_doe_image_793.png,"['reunited_image_236-checkpoint.png', 'john_doe_image_442.png', 'reunited_image_140.png', 'reunited_image_714.png', 'reunited_image_714-checkpoint.png', 'reunited_image_526.png', 'facebook_image_2.png']","0    1.114673
1    1.118306
2    1.120385
3    1.158243
4    1.158243
5    1.163219
6    1.168087
Name: distance, dtype: float64",reunited_image_236.png,True
john_doe_image_675.png,"['reunited_image_526.png', 'john_doe_image_13.png', 'john_doe_image_13-checkpoint.png', 'john_doe_image_442.png', 'reunited_image_140.png', 'reunited_image_375.png', 'facebook_image_4.png']","0    1.044388
1    1.067309
2    1.067309
3    1.085148
4    1.104876
5    1.154484
6    1.156993
Name: distance, dtype: float64",reunited_image_526.png,True
reunited_image_615.png,['reunited_image_236-checkpoint.png'],"0    1.149308
Name: distance, dtype: float64",reunited_image_236.png,True
reunited_image_623.png,"['reunited_image_526.png', 'reunited_image_236-checkpoint.png', 'facebook_image_4.png']","0    1.140694
1    1.151603
2    1.163646
Name: distance, dtype: float64",reunited_image_526.png,True
reunited_image_604.png,['john_doe_image_273.png'],"0    1.168452
Name: distance, dtype: float64",john_doe_image_273.png,True
john_doe_image_743.png,['reunited_image_135.png'],"0    1.165626
Name: distance, dtype: float64",reunited_image_135.png,True
reunited_image_183.png,['reunited_image_17.png'],"0    1.14414
Name: distance, dtype: float64",reunited_image_17.png,True
reunited_image_351.png,['reunited_image_325-checkpoint.png'],"0    1.152605
Name: distance, dtype: float64",reunited_image_325.png,True
john_doe_image_570.png,"['reunited_image_375.png', 'john_doe_image_274.png']","0    1.157126
1    1.166222
Name: distance, dtype: float64",reunited_image_375.png,True
reunited_image_670.png,['reunited_image_455.png'],"0    1.103034
Name: distance, dtype: float64",reunited_image_455.png,True
john_doe_image_831.png,"['facebook_image_1.png', 'facebook_image_1-checkpoint.png', 'reunited_image_140.png', 'reunited_image_526.png', 'facebook_image_2.png', 'john_doe_image_442.png', 'facebook_image_10.png']","0    1.118322
1    1.118322
2    1.120745
3    1.133160
4    1.138503
5    1.144232
6    1.159014
Name: distance, dtype: float64",facebook_image_1.png,True
john_doe_image_191.png,"['reunited_image_701-checkpoint.png', 'reunited_image_701.png', 'reunited_image_25.png', 'reunited_image_135.png']","0    1.103578
1    1.103578
2    1.115113
3    1.119636
Name: distance, dtype: float64",reunited_image_701.png,True
reunited_image_206.png,"['reunited_image_352.png', 'reunited_image_236-checkpoint.png']","0    1.118955
1    1.142170
Name: distance, dtype: float64",reunited_image_352.png,True
john_doe_image_29.png,['facebook_image_4.png'],"0    1.139938
Name: distance, dtype: float64",facebook_image_4.png,True
reunited_image_240.png,"['john_doe_image_442.png', 'john_doe_image_13.png', 'john_doe_image_13-checkpoint.png', 'facebook_image_10.png', 'facebook_image_2.png']","0    1.116880
1    1.154431
2    1.154431
3    1.158132
4    1.159319
Name: distance, dtype: float64",john_doe_image_442.png,True
john_doe_image_495.png,"['reunited_image_178.png', 'facebook_image_11.png', 'reunited_image_701-checkpoint.png', 'reunited_image_701.png', 'reunited_image_494.png']","0    1.125041
1    1.152348
2    1.166641
3    1.166641
4    1.168983
Name: distance, dtype: float64",reunited_image_178.png,True
reunited_image_328.png,['reunited_image_236-checkpoint.png'],"0    1.099472
Name: distance, dtype: float64",reunited_image_236.png,True
john_doe_image_298.png,"['john_doe_image_251.png', 'john_doe_image_251-checkpoint.png', 'reunited_image_750.png', 'reunited_image_750-checkpoint.png']","0    1.092169
1    1.092169
2    1.145264
3    1.145264
Name: distance, dtype: float64",john_doe_image_251.png,True
john_doe_image_705.png,"['facebook_image_9.png', 'john_doe_image_471.png', 'facebook_image_10.png', 'facebook_image_3.png', 'facebook_image_8.png']","0    1.084995
1    1.115543
2    1.125734
3    1.129608
4    1.155556
Name: distance, dtype: float64",facebook_image_9.png,True
john_doe_image_65.png,"['facebook_image_5.png', 'reunited_image_526.png', 'facebook_image_4.png', 'reunited_image_140.png', 'facebook_image_1-checkpoint.png', 'facebook_image_1.png', 'john_doe_image_442.png', 'reunited_image_325-checkpoint.png', 'john_doe_image_251.png', 'john_doe_image_251-checkpoint.png', 'facebook_image_16-checkpoint.png', 'john_doe_image_715-checkpoint.png', 'john_doe_image_715.png', 'facebook_image_10.png']","0     1.027975
1     1.059622
2     1.070340
3     1.076809
4     1.078724
5     1.078724
6     1.092604
7     1.114133
8     1.117190
9     1.117190
10    1.123831
11    1.124342
12    1.124342
13    1.166672
Name: distance, dtype: float64",facebook_image_5.png,True
john_doe_image_281.png,"['facebook_image_16-checkpoint.png', 'reunited_image_526.png', 'facebook_image_1.png', 'facebook_image_1-checkpoint.png', 'facebook_image_15-checkpoint.png', 'facebook_image_15.png']","0    1.040647
1    1.041384
2    1.133534
3    1.133534
4    1.165233
5    1.165233
Name: distance, dtype: float64",facebook_image_16.png,True
reunited_image_399.png,['john_doe_image_313-checkpoint.png'],"0    1.167971
Name: distance, dtype: float64",john_doe_image_313.png,True
reunited_image_255.png,"['reunited_image_236-checkpoint.png', 'reunited_image_504.png', 'reunited_image_504-checkpoint.png']","0    1.095962
1    1.160267
2    1.160267
Name: distance, dtype: float64",reunited_image_236.png,True
john_doe_image_107.png,"['reunited_image_25.png', 'facebook_image_15-checkpoint.png', 'facebook_image_15.png', 'facebook_image_11.png', 'reunited_image_701.png', 'reunited_image_701-checkpoint.png', 'john_doe_image_442.png', 'reunited_image_494.png', 'facebook_image_10.png', 'reunited_image_420.png', 'john_doe_image_13.png', 'john_doe_image_13-checkpoint.png', 'reunited_image_167.png', 'facebook_image_12.png', 'facebook_image_13.png', 'facebook_image_13-checkpoint.png']","0     1.071212
1     1.080907
2     1.080907
3     1.109115
4     1.113947
5     1.113947
6     1.116819
7     1.125316
8     1.126531
9     1.143396
10    1.146604
11    1.146604
12    1.147816
13    1.153762
14    1.158911
15    1.158911
Name: distance, dtype: float64",reunited_image_25.png,True
reunited_image_393.png,['reunited_image_593.png'],"0    1.072543
Name: distance, dtype: float64",reunited_image_593.png,True
john_doe_image_69.png,"['facebook_image_1.png', 'facebook_image_1-checkpoint.png', 'facebook_image_16-checkpoint.png', 'reunited_image_526.png', 'reunited_image_325-checkpoint.png', 'john_doe_image_442.png', 'facebook_image_10.png']","0    1.023834
1    1.023834
2    1.054364
3    1.095142
4    1.110074
5    1.110916
6    1.166717
Name: distance, dtype: float64",facebook_image_1.png,True
john_doe_image_696.png,"['facebook_image_1.png', 'facebook_image_1-checkpoint.png', 'john_doe_image_13-checkpoint.png', 'john_doe_image_13.png', 'facebook_image_16-checkpoint.png', 'facebook_image_15-checkpoint.png', 'facebook_image_15.png', 'reunited_image_140.png', 'john_doe_image_442.png']","0    1.062713
1    1.062713
2    1.084334
3    1.084334
4    1.085096
5    1.133656
6    1.133656
7    1.152480
8    1.164039
Name: distance, dtype: float64",facebook_image_1.png,True
reunited_image_677.png,"['reunited_image_526.png', 'john_doe_image_13.png', 'john_doe_image_13-checkpoint.png', 'facebook_image_6.png', 'john_doe_image_251.png', 'john_doe_image_251-checkpoint.png', 'facebook_image_1.png', 'facebook_image_1-checkpoint.png']","0    1.068079
1    1.118387
2    1.118387
3    1.123246
4    1.128311
5    1.128311
6    1.139030
7    1.139030
Name: distance, dtype: float64",reunited_image_526.png,True
john_doe_image_245.png,"['reunited_image_236-checkpoint.png', 'reunited_image_140.png', 'reunited_image_526.png', 'john_doe_image_442.png', 'facebook_image_4.png']","0    1.072032
1    1.092760
2    1.144778
3    1.155701
4    1.161501
Name: distance, dtype: float64",reunited_image_236.png,True
reunited_image_613.png,['reunited_image_87.png'],"0    1.156778
Name: distance, dtype: float64",reunited_image_87.png,True
reunited_image_587.png,['john_doe_image_358.png'],"0    1.148481
Name: distance, dtype: float64",john_doe_image_358.png,True
reunited_image_312.png,"['reunited_image_236-checkpoint.png', 'john_doe_image_273.png']","0    1.157179
1    1.158444
Name: distance, dtype: float64",reunited_image_236.png,True
reunited_image_664.png,['reunited_image_49.png'],"0    1.163556
Name: distance, dtype: float64",reunited_image_49.png,True
reunited_image_1.png,"['john_doe_image_251.png', 'john_doe_image_251-checkpoint.png', 'reunited_image_135.png', 'facebook_image_6.png']","0    1.081557
1    1.081557
2    1.133768
3    1.144834
Name: distance, dtype: float64",john_doe_image_251.png,True
reunited_image_799.png,['reunited_image_236-checkpoint.png'],"0    1.131808
Name: distance, dtype: float64",reunited_image_236.png,True
reunited_image_482.png,"['reunited_image_51.png', 'reunited_image_181.png']","0    1.079049
1    1.160637
Name: distance, dtype: float64",reunited_image_51.png,True
reunited_image_460.png,"['reunited_image_458.png', 'facebook_image_7.png', 'reunited_image_236-checkpoint.png']","0    1.099304
1    1.118667
2    1.143314
Name: distance, dtype: float64",reunited_image_458.png,True
reunited_image_257.png,"['facebook_image_11.png', 'reunited_image_305.png']","0    1.058654
1    1.149197
Name: distance, dtype: float64",facebook_image_11.png,True
john_doe_image_143.png,"['reunited_image_526.png', 'facebook_image_1.png', 'facebook_image_1-checkpoint.png', 'facebook_image_5.png', 'facebook_image_16-checkpoint.png']","0    1.022812
1    1.095059
2    1.095059
3    1.122699
4    1.146870
Name: distance, dtype: float64",reunited_image_526.png,True
john_doe_image_562.png,"['john_doe_image_251-checkpoint.png', 'john_doe_image_251.png', 'facebook_image_1-checkpoint.png', 'facebook_image_1.png', 'reunited_image_526.png', 'john_doe_image_13-checkpoint.png', 'john_doe_image_13.png', 'facebook_image_6.png', 'facebook_image_16-checkpoint.png']","0    1.063368
1    1.063368
2    1.112156
3    1.112156
4    1.123259
5    1.140958
6    1.140958
7    1.146840
8    1.147646
Name: distance, dtype: float64",john_doe_image_251.png,True
reunited_image_829.png,['reunited_image_236-checkpoint.png'],"0    1.163942
Name: distance, dtype: float64",reunited_image_236.png,True
john_doe_image_759.png,"['reunited_image_526.png', 'john_doe_image_251-checkpoint.png', 'john_doe_image_251.png', 'facebook_image_1.png', 'facebook_image_1-checkpoint.png', 'facebook_image_16-checkpoint.png', 'john_doe_image_442.png', 'reunited_image_184.png', 'facebook_image_6.png', 'john_doe_image_13.png', 'john_doe_image_13-checkpoint.png']","0     1.002299
1     1.051481
2     1.051481
3     1.063583
4     1.063583
5     1.099917
6     1.130362
7     1.145323
8     1.153036
9     1.165164
10    1.165164
Name: distance, dtype: float64",reunited_image_526.png,True
reunited_image_507.png,['reunited_image_135.png'],"0    1.130059
Name: distance, dtype: float64",reunited_image_135.png,True
reunited_image_121.png,"['john_doe_image_467.png', 'reunited_image_714.png', 'reunited_image_714-checkpoint.png']","0    1.054349
1    1.158052
2    1.158052
Name: distance, dtype: float64",john_doe_image_467.png,True
john_doe_image_731.png,['facebook_image_5.png'],"0    1.066984
Name: distance, dtype: float64",facebook_image_5.png,True
john_doe_image_781.png,"['john_doe_image_715-checkpoint.png', 'john_doe_image_715.png']","0    1.144438
1    1.144438
Name: distance, dtype: float64",john_doe_image_715.png,True
john_doe_image_98.png,['reunited_image_236-checkpoint.png'],"0    1.120618
Name: distance, dtype: float64",reunited_image_236.png,True
reunited_image_214.png,['reunited_image_184.png'],"0    1.160722
Name: distance, dtype: float64",reunited_image_184.png,True
reunited_image_208.png,"['facebook_image_5.png', 'john_doe_image_251-checkpoint.png', 'john_doe_image_251.png', 'facebook_image_1.png', 'facebook_image_1-checkpoint.png']","0    1.054386
1    1.146001
2    1.146001
3    1.156085
4    1.156085
Name: distance, dtype: float64",facebook_image_5.png,True
reunited_image_349.png,['reunited_image_236-checkpoint.png'],"0    1.133872
Name: distance, dtype: float64",reunited_image_236.png,True
reunited_image_678.png,['facebook_image_2.png'],"0    1.154008
Name: distance, dtype: float64",facebook_image_2.png,True
reunited_image_202.png,"['reunited_image_494.png', 'john_doe_image_754-checkpoint.png', 'john_doe_image_754.png', 'reunited_image_152.png', 'reunited_image_305.png', 'reunited_image_701-checkpoint.png', 'reunited_image_701.png']","0    1.064779
1    1.078520
2    1.078520
3    1.125627
4    1.158764
5    1.160894
6    1.160894
Name: distance, dtype: float64",reunited_image_494.png,True
john_doe_image_122.png,['john_doe_image_358.png'],"0    1.037229
Name: distance, dtype: float64",john_doe_image_358.png,True
reunited_image_618.png,"['john_doe_image_358.png', 'reunited_image_701-checkpoint.png', 'reunited_image_701.png']","0    1.078269
1    1.168796
2    1.168796
Name: distance, dtype: float64",john_doe_image_358.png,True
john_doe_image_16.png,"['reunited_image_526.png', 'john_doe_image_442.png']","0    1.129803
1    1.154623
Name: distance, dtype: float64",reunited_image_526.png,True
john_doe_image_101.png,['reunited_image_135.png'],"0    1.130849
Name: distance, dtype: float64",reunited_image_135.png,True
john_doe_image_602.png,"['reunited_image_526.png', 'john_doe_image_442.png', 'reunited_image_140.png']","0    1.145390
1    1.147087
2    1.165706
Name: distance, dtype: float64",reunited_image_526.png,True
john_doe_image_758.png,"['reunited_image_167.png', 'reunited_image_352.png']","0    1.128498
1    1.145447
Name: distance, dtype: float64",reunited_image_167.png,True
reunited_image_176.png,"['reunited_image_236-checkpoint.png', 'reunited_image_526.png', 'john_doe_image_442.png']","0    1.139582
1    1.151887
2    1.159012
Name: distance, dtype: float64",reunited_image_236.png,True
reunited_image_779.png,"['john_doe_image_522.png', 'reunited_image_152.png', 'facebook_image_4.png', 'reunited_image_375.png']","0    1.052527
1    1.083701
2    1.125118
3    1.153107
Name: distance, dtype: float64",john_doe_image_522.png,True
reunited_image_335.png,['john_doe_image_556.png'],"0    1.169187
Name: distance, dtype: float64",john_doe_image_556.png,True
john_doe_image_571.png,"['john_doe_image_13.png', 'john_doe_image_13-checkpoint.png', 'facebook_image_9.png', 'john_doe_image_442.png', 'john_doe_image_70-checkpoint.png', 'john_doe_image_70.png', 'john_doe_image_333.png', 'facebook_image_11.png', 'facebook_image_15-checkpoint.png', 'facebook_image_15.png', 'john_doe_image_471.png', 'facebook_image_5.png']","0     1.097520
1     1.097520
2     1.108580
3     1.139623
4     1.140577
5     1.140577
6     1.145511
7     1.146076
8     1.151878
9     1.151878
10    1.162085
11    1.167159
Name: distance, dtype: float64",john_doe_image_13.png,True
john_doe_image_189.png,['john_doe_image_358.png'],"0    1.117853
Name: distance, dtype: float64",john_doe_image_358.png,True
john_doe_image_748.png,"['facebook_image_16-checkpoint.png', 'reunited_image_526.png']","0    1.086871
1    1.141164
Name: distance, dtype: float64",facebook_image_16.png,True
reunited_image_324.png,"['reunited_image_236-checkpoint.png', 'reunited_image_140.png']","0    1.099716
1    1.151042
Name: distance, dtype: float64",reunited_image_236.png,True
reunited_image_769.png,['reunited_image_184.png'],"0    1.163169
Name: distance, dtype: float64",reunited_image_184.png,True
john_doe_image_599.png,"['reunited_image_236-checkpoint.png', 'facebook_image_4.png', 'reunited_image_504-checkpoint.png', 'reunited_image_504.png']","0    1.150901
1    1.161969
2    1.162647
3    1.162647
Name: distance, dtype: float64",reunited_image_236.png,True
reunited_image_356.png,['reunited_image_236-checkpoint.png'],"0    1.145516
Name: distance, dtype: float64",reunited_image_236.png,True
reunited_image_542.png,"['reunited_image_526.png', 'facebook_image_1.png', 'facebook_image_1-checkpoint.png']","0    1.101317
1    1.117895
2    1.117895
Name: distance, dtype: float64",reunited_image_526.png,True
john_doe_image_13.png,"['john_doe_image_13.png', 'john_doe_image_13-checkpoint.png', 'john_doe_image_442.png', 'john_doe_image_333.png', 'reunited_image_140.png', 'facebook_image_15-checkpoint.png', 'facebook_image_15.png', 'reunited_image_526.png', 'reunited_image_500.png', 'facebook_image_1.png', 'facebook_image_1-checkpoint.png', 'facebook_image_4.png', 'reunited_image_384.png', 'facebook_image_9.png', 'reunited_image_158.png', 'facebook_image_16-checkpoint.png', 'facebook_image_13-checkpoint.png', 'facebook_image_13.png', 'facebook_image_10.png', 'facebook_image_12.png', 'reunited_image_420.png', 'facebook_image_11.png', 'reunited_image_750.png', 'reunited_image_750-checkpoint.png']","0     0.000000
1     0.000000
2     0.871453
3     0.891737
4     0.989675
5     0.997176
6     0.997176
7     1.032221
8     1.087186
9     1.100224
10    1.100224
11    1.132013
12    1.137736
13    1.141965
14    1.145384
15    1.147379
16    1.154407
17    1.154407
18    1.154650
19    1.155572
20    1.157329
21    1.165223
22    1.165414
23    1.165414
Name: distance, dtype: float64",john_doe_image_13-checkpoint.png,True
reunited_image_350.png,['reunited_image_236-checkpoint.png'],"0    1.127925
Name: distance, dtype: float64",reunited_image_236.png,True
john_doe_image_682.png,"['reunited_image_714.png', 'reunited_image_714-checkpoint.png', 'reunited_image_526.png', 'reunited_image_504.png', 'reunited_image_504-checkpoint.png']","0    1.108676
1    1.108676
2    1.132596
3    1.133417
4    1.133417
Name: distance, dtype: float64",reunited_image_714.png,True
reunited_image_370.png,['john_doe_image_556.png'],"0    1.099871
Name: distance, dtype: float64",john_doe_image_556.png,True
reunited_image_6.png,"['reunited_image_275.png', 'reunited_image_236-checkpoint.png']","0    1.121438
1    1.141239
Name: distance, dtype: float64",reunited_image_275.png,True
john_doe_image_283.png,['reunited_image_236-checkpoint.png'],"0    1.153956
Name: distance, dtype: float64",reunited_image_236.png,True
john_doe_image_693.png,['reunited_image_236-checkpoint.png'],"0    1.153239
Name: distance, dtype: float64",reunited_image_236.png,True
reunited_image_229.png,"['reunited_image_504.png', 'reunited_image_504-checkpoint.png', 'reunited_image_526.png']","0    1.108951
1    1.108951
2    1.121890
Name: distance, dtype: float64",reunited_image_504.png,True
john_doe_image_398.png,"['facebook_image_10.png', 'john_doe_image_333.png', 'john_doe_image_442.png', 'facebook_image_9.png', 'reunited_image_526.png', 'john_doe_image_13.png', 'john_doe_image_13-checkpoint.png']","0    1.083617
1    1.117411
2    1.121546
3    1.147813
4    1.151561
5    1.164338
6    1.164338
Name: distance, dtype: float64",facebook_image_10.png,True
reunited_image_348.png,"['reunited_image_325-checkpoint.png', 'reunited_image_526.png', 'facebook_image_2.png']","0    1.087885
1    1.093392
2    1.128180
Name: distance, dtype: float64",reunited_image_325.png,True
john_doe_image_5.png,"['facebook_image_10.png', 'john_doe_image_13.png', 'john_doe_image_13-checkpoint.png', 'facebook_image_1.png', 'facebook_image_1-checkpoint.png', 'facebook_image_16-checkpoint.png', 'reunited_image_325-checkpoint.png', 'john_doe_image_442.png', 'facebook_image_15-checkpoint.png', 'facebook_image_15.png', 'reunited_image_526.png', 'reunited_image_140.png']","0     1.032722
1     1.101258
2     1.101258
3     1.113289
4     1.113289
5     1.133152
6     1.134671
7     1.136142
8     1.142180
9     1.142180
10    1.143420
11    1.158446
Name: distance, dtype: float64",facebook_image_10.png,True
john_doe_image_626.png,"['facebook_image_1-checkpoint.png', 'facebook_image_1.png', 'reunited_image_526.png', 'john_doe_image_13.png', 'john_doe_image_13-checkpoint.png', 'john_doe_image_442.png', 'reunited_image_325-checkpoint.png', 'reunited_image_140.png']","0    0.988366
1    0.988366
2    1.140908
3    1.161565
4    1.161565
5    1.162279
6    1.162844
7    1.164831
Name: distance, dtype: float64",facebook_image_1.png,True
john_doe_image_450.png,"['john_doe_image_442.png', 'reunited_image_526.png']","0    1.131266
1    1.161087
Name: distance, dtype: float64",john_doe_image_442.png,True
reunited_image_387.png,"['reunited_image_140.png', 'reunited_image_526.png', 'john_doe_image_442.png', 'facebook_image_1.png', 'facebook_image_1-checkpoint.png']","0    1.130380
1    1.142880
2    1.151480
3    1.165201
4    1.165201
Name: distance, dtype: float64",reunited_image_140.png,True
john_doe_image_62.png,"['john_doe_image_13.png', 'john_doe_image_13-checkpoint.png', 'john_doe_image_333.png', 'john_doe_image_442.png', 'facebook_image_15.png', 'facebook_image_15-checkpoint.png', 'facebook_image_6.png', 'facebook_image_11.png']","0    1.034471
1    1.034471
2    1.058381
3    1.127538
4    1.133800
5    1.133800
6    1.150291
7    1.152473
Name: distance, dtype: float64",john_doe_image_13.png,True
reunited_image_357.png,"['john_doe_image_32.png', 'reunited_image_167.png', 'reunited_image_526.png', 'facebook_image_1.png', 'facebook_image_1-checkpoint.png']","0    1.103044
1    1.148933
2    1.155335
3    1.165153
4    1.165153
Name: distance, dtype: float64",john_doe_image_32.png,True
john_doe_image_727.png,"['john_doe_image_442.png', 'john_doe_image_251-checkpoint.png', 'john_doe_image_251.png']","0    1.144576
1    1.169391
2    1.169391
Name: distance, dtype: float64",john_doe_image_442.png,True
john_doe_image_269.png,"['reunited_image_140.png', 'reunited_image_352.png', 'reunited_image_236-checkpoint.png', 'john_doe_image_442.png']","0    1.121433
1    1.142796
2    1.142902
3    1.155943
Name: distance, dtype: float64",reunited_image_140.png,True
reunited_image_772.png,"['reunited_image_325-checkpoint.png', 'facebook_image_1.png', 'facebook_image_1-checkpoint.png', 'facebook_image_16-checkpoint.png', 'reunited_image_526.png']","0    0.981234
1    1.113222
2    1.113222
3    1.126888
4    1.131205
Name: distance, dtype: float64",reunited_image_325.png,True
john_doe_image_125.png,"['reunited_image_140.png', 'john_doe_image_442.png']","0    1.135714
1    1.150712
Name: distance, dtype: float64",reunited_image_140.png,True
john_doe_image_492.png,['reunited_image_365.png'],"0    1.164014
Name: distance, dtype: float64",reunited_image_365.png,True
reunited_image_178.png,['reunited_image_178.png'],"0    0.0
Name: distance, dtype: float64",reunited_image_178.png,False
john_doe_image_273.png,"['john_doe_image_273.png', 'reunited_image_184.png']","0    0.000000
1    1.142921
Name: distance, dtype: float64",reunited_image_184.png,True
john_doe_image_83.png,['facebook_image_2.png'],"0    1.124608
Name: distance, dtype: float64",facebook_image_2.png,True
reunited_image_266.png,['john_doe_image_340.png'],"0    1.162964
Name: distance, dtype: float64",john_doe_image_340.png,True
reunited_image_362.png,"['reunited_image_135.png', 'reunited_image_494.png', 'reunited_image_25.png']","0    1.140309
1    1.151301
2    1.162282
Name: distance, dtype: float64",reunited_image_135.png,True
john_doe_image_517.png,"['facebook_image_9.png', 'facebook_image_1.png', 'facebook_image_1-checkpoint.png', 'reunited_image_526.png', 'john_doe_image_13-checkpoint.png', 'john_doe_image_13.png', 'facebook_image_10.png', 'john_doe_image_442.png', 'facebook_image_16-checkpoint.png', 'facebook_image_15.png', 'facebook_image_15-checkpoint.png', 'facebook_image_5.png', 'john_doe_image_198-checkpoint.png', 'john_doe_image_198.png', 'reunited_image_420.png']","0     1.032336
1     1.054373
2     1.054373
3     1.057010
4     1.083719
5     1.083719
6     1.106476
7     1.119413
8     1.128245
9     1.141895
10    1.141895
11    1.146969
12    1.150837
13    1.150837
14    1.161036
Name: distance, dtype: float64",facebook_image_9.png,True
reunited_image_87.png,"['reunited_image_87.png', 'reunited_image_339.png']","0    0.000000
1    1.167914
Name: distance, dtype: float64",reunited_image_339.png,True
reunited_image_593.png,['reunited_image_593.png'],"0    0.0
Name: distance, dtype: float64",reunited_image_593.png,False
reunited_image_161.png,['reunited_image_236-checkpoint.png'],"0    1.16389
Name: distance, dtype: float64",reunited_image_236.png,True
reunited_image_425.png,"['facebook_image_1.png', 'facebook_image_1-checkpoint.png', 'facebook_image_16-checkpoint.png', 'reunited_image_526.png', 'john_doe_image_358.png', 'reunited_image_325-checkpoint.png']","0    1.115168
1    1.115168
2    1.123819
3    1.145055
4    1.158996
5    1.161929
Name: distance, dtype: float64",facebook_image_1.png,True
john_doe_image_471.png,"['john_doe_image_471.png', 'facebook_image_9.png', 'facebook_image_12.png', 'john_doe_image_442.png']","0    0.000000
1    1.146202
2    1.149845
3    1.153197
Name: distance, dtype: float64",facebook_image_9.png,True
john_doe_image_2.png,['reunited_image_526.png'],"0    1.110823
Name: distance, dtype: float64",reunited_image_526.png,True
john_doe_image_655.png,"['reunited_image_504.png', 'reunited_image_504-checkpoint.png', 'john_doe_image_556.png']","0    0.959627
1    0.959627
2    1.160069
Name: distance, dtype: float64",reunited_image_504.png,True
reunited_image_325.png,"['reunited_image_325-checkpoint.png', 'facebook_image_16-checkpoint.png', 'reunited_image_526.png']","0    0.000000
1    1.149038
2    1.158374
Name: distance, dtype: float64",facebook_image_16-checkpoint.png,True
john_doe_image_73.png,"['facebook_image_1.png', 'facebook_image_1-checkpoint.png', 'john_doe_image_13.png', 'john_doe_image_13-checkpoint.png', 'facebook_image_15-checkpoint.png', 'facebook_image_15.png', 'facebook_image_16-checkpoint.png', 'john_doe_image_442.png', 'facebook_image_10.png', 'facebook_image_3.png', 'facebook_image_9.png', 'reunited_image_526.png']","0     1.005439
1     1.005439
2     1.058151
3     1.058151
4     1.076862
5     1.076862
6     1.086053
7     1.095195
8     1.128063
9     1.129230
10    1.135553
11    1.169476
Name: distance, dtype: float64",facebook_image_1.png,True
john_doe_image_340.png,"['john_doe_image_340.png', 'reunited_image_167.png', 'reunited_image_17.png']","0    0.000000
1    1.024638
2    1.151744
Name: distance, dtype: float64",reunited_image_167.png,True
reunited_image_175.png,['reunited_image_236-checkpoint.png'],"0    1.166042
Name: distance, dtype: float64",reunited_image_236.png,True
john_doe_image_498.png,"['facebook_image_15-checkpoint.png', 'facebook_image_15.png']","0    1.156773
1    1.156773
Name: distance, dtype: float64",facebook_image_15.png,True
reunited_image_550.png,"['reunited_image_375.png', 'reunited_image_275.png']","0    1.121960
1    1.163175
Name: distance, dtype: float64",reunited_image_375.png,True
john_doe_image_250.png,"['john_doe_image_250.png', 'john_doe_image_250-checkpoint.png']","0    0.0
1    0.0
Name: distance, dtype: float64",john_doe_image_250-checkpoint.png,True
reunited_image_159.png,"['reunited_image_135.png', 'john_doe_image_358.png']","0    1.153021
1    1.153650
Name: distance, dtype: float64",reunited_image_135.png,True
john_doe_image_723.png,['john_doe_image_358.png'],"0    1.159769
Name: distance, dtype: float64",john_doe_image_358.png,True
john_doe_image_32.png,"['john_doe_image_32.png', 'reunited_image_305.png', 'john_doe_image_442.png', 'reunited_image_167.png']","0    0.000000
1    1.146811
2    1.158774
3    1.168343
Name: distance, dtype: float64",reunited_image_305.png,True
reunited_image_683.png,"['john_doe_image_13.png', 'john_doe_image_13-checkpoint.png', 'facebook_image_16-checkpoint.png', 'reunited_image_526.png', 'john_doe_image_442.png', 'reunited_image_325-checkpoint.png', 'reunited_image_140.png', 'facebook_image_4.png', 'facebook_image_7.png', 'facebook_image_1-checkpoint.png', 'facebook_image_1.png', 'facebook_image_2.png', 'facebook_image_5.png']","0     1.062092
1     1.062092
2     1.068930
3     1.070243
4     1.111029
5     1.121244
6     1.130698
7     1.132187
8     1.138658
9     1.144016
10    1.144016
11    1.159278
12    1.167061
Name: distance, dtype: float64",john_doe_image_13.png,True
john_doe_image_358.png,['john_doe_image_358.png'],"0    0.0
Name: distance, dtype: float64",john_doe_image_358.png,False
reunited_image_560.png,"['reunited_image_714.png', 'reunited_image_714-checkpoint.png', 'john_doe_image_467.png', 'reunited_image_17.png', 'reunited_image_236-checkpoint.png']","0    1.092841
1    1.092841
2    1.139899
3    1.153059
4    1.154072
Name: distance, dtype: float64",reunited_image_714.png,True
john_doe_image_14.png,"['facebook_image_16-checkpoint.png', 'facebook_image_1.png', 'facebook_image_1-checkpoint.png', 'reunited_image_526.png', 'reunited_image_325-checkpoint.png', 'john_doe_image_13.png', 'john_doe_image_13-checkpoint.png', 'facebook_image_15-checkpoint.png', 'facebook_image_15.png', 'facebook_image_4.png', 'reunited_image_140.png']","0     0.923741
1     0.940203
2     0.940203
3     1.127252
4     1.133261
5     1.144302
6     1.144302
7     1.145079
8     1.145079
9     1.166059
10    1.168550
Name: distance, dtype: float64",facebook_image_16.png,True
john_doe_image_442.png,"['john_doe_image_442.png', 'john_doe_image_13.png', 'john_doe_image_13-checkpoint.png', 'reunited_image_140.png', 'john_doe_image_333.png', 'facebook_image_10.png', 'facebook_image_12.png', 'reunited_image_526.png', 'facebook_image_1.png', 'facebook_image_1-checkpoint.png', 'facebook_image_9.png', 'facebook_image_2.png', 'facebook_image_3.png', 'facebook_image_4.png', 'reunited_image_375.png', 'facebook_image_15-checkpoint.png', 'facebook_image_15.png', 'reunited_image_384.png', 'john_doe_image_70.png', 'john_doe_image_70-checkpoint.png', 'john_doe_image_471.png', 'reunited_image_158.png', 'facebook_image_11.png', 'john_doe_image_32.png', 'facebook_image_7.png', 'reunited_image_167.png']","0     0.000000
1     0.871453
2     0.871453
3     0.945023
4     0.996933
5     1.003745
6     1.075015
7     1.086947
8     1.093997
9     1.093997
10    1.097562
11    1.107221
12    1.115383
13    1.119801
14    1.126285
15    1.134995
16    1.134995
17    1.139087
18    1.151865
19    1.151865
20    1.153197
21    1.153441
22    1.157792
23    1.158774
24    1.165461
25    1.165927
Name: distance, dtype: float64",john_doe_image_13.png,True
reunited_image_112.png,"['reunited_image_701-checkpoint.png', 'reunited_image_701.png', 'facebook_image_13.png', 'facebook_image_13-checkpoint.png', 'reunited_image_167.png', 'reunited_image_25.png']","0    1.031178
1    1.031178
2    1.115730
3    1.115730
4    1.128598
5    1.162002
Name: distance, dtype: float64",reunited_image_701.png,True
john_doe_image_715.png,"['john_doe_image_715-checkpoint.png', 'john_doe_image_715.png']","0    0.0
1    0.0
Name: distance, dtype: float64",john_doe_image_715.png,True
reunited_image_493.png,"['reunited_image_701-checkpoint.png', 'reunited_image_701.png', 'reunited_image_526.png', 'reunited_image_236-checkpoint.png']","0    1.126241
1    1.126241
2    1.133032
3    1.140536
Name: distance, dtype: float64",reunited_image_701.png,True
john_doe_image_297.png,['john_doe_image_297.png'],"0    0.0
Name: distance, dtype: float64",john_doe_image_297.png,False
reunited_image_114.png,"['reunited_image_236-checkpoint.png', 'john_doe_image_522.png']","0    1.001977
1    1.100827
Name: distance, dtype: float64",reunited_image_236.png,True
reunited_image_305.png,"['reunited_image_305.png', 'john_doe_image_32.png']","0    0.000000
1    1.146811
Name: distance, dtype: float64",john_doe_image_32.png,True
john_doe_image_611.png,['facebook_image_3.png'],"0    1.145199
Name: distance, dtype: float64",facebook_image_3.png,True
reunited_image_163.png,"['reunited_image_236-checkpoint.png', 'john_doe_image_522.png']","0    1.134573
1    1.166246
Name: distance, dtype: float64",reunited_image_236.png,True
reunited_image_177.png,['reunited_image_236-checkpoint.png'],"0    1.161202
Name: distance, dtype: float64",reunited_image_236.png,True
reunited_image_9.png,"['reunited_image_504.png', 'reunited_image_504-checkpoint.png', 'reunited_image_236-checkpoint.png']","0    1.157403
1    1.157403
2    1.167685
Name: distance, dtype: float64",reunited_image_504.png,True
john_doe_image_24.png,"['john_doe_image_13.png', 'john_doe_image_13-checkpoint.png', 'john_doe_image_442.png', 'reunited_image_526.png', 'facebook_image_6.png', 'facebook_image_10.png']","0    1.140412
1    1.140412
2    1.145052
3    1.152756
4    1.160899
5    1.162179
Name: distance, dtype: float64",john_doe_image_13.png,True
john_doe_image_251.png,"['john_doe_image_251.png', 'john_doe_image_251-checkpoint.png', 'facebook_image_6.png', 'reunited_image_750-checkpoint.png', 'reunited_image_750.png', 'facebook_image_5.png']","0    0.000000
1    0.000000
2    1.030508
3    1.148032
4    1.148032
5    1.169091
Name: distance, dtype: float64",john_doe_image_251-checkpoint.png,True
reunited_image_184.png,"['reunited_image_184.png', 'john_doe_image_273.png']","0    0.000000
1    1.142921
Name: distance, dtype: float64",john_doe_image_273.png,True
reunited_image_451.png,['reunited_image_526.png'],"0    1.169215
Name: distance, dtype: float64",reunited_image_526.png,True
john_doe_image_533.png,"['reunited_image_236-checkpoint.png', 'reunited_image_714.png', 'reunited_image_714-checkpoint.png']","0    1.147993
1    1.168068
2    1.168068
Name: distance, dtype: float64",reunited_image_236.png,True
reunited_image_673.png,"['john_doe_image_358.png', 'john_doe_image_522.png']","0    1.123471
1    1.168312
Name: distance, dtype: float64",john_doe_image_358.png,True
reunited_image_456.png,"['facebook_image_7.png', 'john_doe_image_471.png', 'reunited_image_236-checkpoint.png', 'facebook_image_9.png']","0    1.117640
1    1.135501
2    1.145787
3    1.165674
Name: distance, dtype: float64",facebook_image_7.png,True
reunited_image_40.png,"['reunited_image_167.png', 'reunited_image_701-checkpoint.png', 'reunited_image_701.png', 'facebook_image_13-checkpoint.png', 'facebook_image_13.png']","0    1.088863
1    1.089192
2    1.089192
3    1.096752
4    1.096752
Name: distance, dtype: float64",reunited_image_167.png,True
reunited_image_352.png,"['reunited_image_352.png', 'john_doe_image_522.png']","0    0.000000
1    1.152217
Name: distance, dtype: float64",john_doe_image_522.png,True
reunited_image_624.png,['john_doe_image_358.png'],"0    1.108775
Name: distance, dtype: float64",john_doe_image_358.png,True
john_doe_image_369.png,"['facebook_image_16-checkpoint.png', 'facebook_image_1.png', 'facebook_image_1-checkpoint.png', 'reunited_image_526.png', 'facebook_image_7.png', 'john_doe_image_13-checkpoint.png', 'john_doe_image_13.png', 'facebook_image_5.png', 'facebook_image_4.png', 'facebook_image_15-checkpoint.png', 'facebook_image_15.png']","0     0.912608
1     1.093560
2     1.093560
3     1.098471
4     1.113823
5     1.152125
6     1.152125
7     1.158946
8     1.161381
9     1.162169
10    1.162169
Name: distance, dtype: float64",facebook_image_16.png,True
reunited_image_541.png,['facebook_image_8.png'],"0    1.099
Name: distance, dtype: float64",facebook_image_8.png,True
reunited_image_140.png,"['reunited_image_140.png', 'john_doe_image_442.png', 'john_doe_image_13-checkpoint.png', 'john_doe_image_13.png', 'reunited_image_158.png', 'reunited_image_375.png', 'john_doe_image_333.png', 'facebook_image_2.png', 'facebook_image_4.png', 'reunited_image_275.png']","0    0.000000
1    0.945023
2    0.989675
3    0.989675
4    1.041663
5    1.052809
6    1.103220
7    1.116249
8    1.136204
9    1.160724
Name: distance, dtype: float64",john_doe_image_442.png,True
reunited_image_293.png,['reunited_image_236-checkpoint.png'],"0    1.160035
Name: distance, dtype: float64",reunited_image_236.png,True
john_doe_image_734.png,"['reunited_image_526.png', 'facebook_image_16-checkpoint.png']","0    1.076842
1    1.118234
Name: distance, dtype: float64",reunited_image_526.png,True
john_doe_image_105.png,['reunited_image_325-checkpoint.png'],"0    1.12118
Name: distance, dtype: float64",reunited_image_325.png,True
john_doe_image_235.png,"['facebook_image_7.png', 'reunited_image_236-checkpoint.png', 'facebook_image_4.png']","0    1.152363
1    1.152797
2    1.153022
Name: distance, dtype: float64",facebook_image_7.png,True
reunited_image_263.png,['reunited_image_140.png'],"0    1.157282
Name: distance, dtype: float64",reunited_image_140.png,True
reunited_image_505.png,['facebook_image_6.png'],"0    1.146681
Name: distance, dtype: float64",facebook_image_6.png,True
reunited_image_724.png,"['reunited_image_167.png', 'reunited_image_352.png', 'john_doe_image_340.png', 'john_doe_image_358.png']","0    1.098299
1    1.137148
2    1.141205
3    1.155773
Name: distance, dtype: float64",reunited_image_167.png,True
reunited_image_92.png,['reunited_image_236-checkpoint.png'],"0    1.011898
Name: distance, dtype: float64",reunited_image_236.png,True
john_doe_image_333.png,"['john_doe_image_333.png', 'john_doe_image_13.png', 'john_doe_image_13-checkpoint.png', 'john_doe_image_442.png', 'reunited_image_375.png', 'reunited_image_140.png', 'john_doe_image_754.png', 'john_doe_image_754-checkpoint.png', 'facebook_image_12.png', 'facebook_image_4.png', 'facebook_image_10.png', 'reunited_image_420.png', 'reunited_image_701.png', 'reunited_image_701-checkpoint.png', 'john_doe_image_70.png', 'john_doe_image_70-checkpoint.png']","0     0.000000
1     0.891737
2     0.891737
3     0.996933
4     1.036537
5     1.103220
6     1.104116
7     1.104116
8     1.110392
9     1.131786
10    1.140116
11    1.145585
12    1.152390
13    1.152390
14    1.161554
15    1.161554
Name: distance, dtype: float64",john_doe_image_13.png,True
john_doe_image_488.png,"['john_doe_image_442.png', 'reunited_image_375.png', 'facebook_image_2.png', 'reunited_image_140.png']","0    1.085160
1    1.099845
2    1.116381
3    1.124144
Name: distance, dtype: float64",john_doe_image_442.png,True
john_doe_image_376.png,['john_doe_image_442.png'],"0    1.142634
Name: distance, dtype: float64",john_doe_image_442.png,True
reunited_image_8.png,"['facebook_image_1.png', 'facebook_image_1-checkpoint.png', 'facebook_image_16-checkpoint.png', 'john_doe_image_442.png', 'facebook_image_9.png', 'reunited_image_526.png']","0    1.029944
1    1.029944
2    1.119463
3    1.138196
4    1.158561
5    1.168079
Name: distance, dtype: float64",facebook_image_1.png,True
reunited_image_791.png,['reunited_image_236-checkpoint.png'],"0    1.13007
Name: distance, dtype: float64",reunited_image_236.png,True
reunited_image_454.png,"['reunited_image_236-checkpoint.png', 'reunited_image_714.png', 'reunited_image_714-checkpoint.png']","0    1.144590
1    1.166503
2    1.166503
Name: distance, dtype: float64",reunited_image_236.png,True
john_doe_image_28.png,"['facebook_image_16-checkpoint.png', 'reunited_image_526.png', 'facebook_image_1.png', 'facebook_image_1-checkpoint.png', 'john_doe_image_13.png', 'john_doe_image_13-checkpoint.png', 'john_doe_image_442.png', 'john_doe_image_251-checkpoint.png', 'john_doe_image_251.png']","0    1.008553
1    1.030833
2    1.031729
3    1.031729
4    1.097141
5    1.097141
6    1.124567
7    1.153305
8    1.153305
Name: distance, dtype: float64",facebook_image_16.png,True
reunited_image_430.png,"['john_doe_image_522.png', 'reunited_image_167.png']","0    1.112718
1    1.127542
Name: distance, dtype: float64",john_doe_image_522.png,True
john_doe_image_332.png,"['john_doe_image_442.png', 'reunited_image_236-checkpoint.png', 'facebook_image_7.png', 'reunited_image_526.png', 'reunited_image_140.png']","0    1.099692
1    1.142661
2    1.143338
3    1.151180
4    1.156101
Name: distance, dtype: float64",john_doe_image_442.png,True
reunited_image_420.png,"['reunited_image_420.png', 'facebook_image_12.png', 'john_doe_image_333.png', 'john_doe_image_13.png', 'john_doe_image_13-checkpoint.png', 'reunited_image_375.png']","0    0.000000
1    1.143965
2    1.145585
3    1.157329
4    1.157329
5    1.162740
Name: distance, dtype: float64",facebook_image_12.png,True
john_doe_image_421.png,"['facebook_image_10.png', 'reunited_image_135.png', 'reunited_image_325-checkpoint.png', 'john_doe_image_442.png', 'facebook_image_6.png', 'reunited_image_526.png', 'john_doe_image_251-checkpoint.png', 'john_doe_image_251.png', 'facebook_image_9.png']","0    1.055879
1    1.091572
2    1.098817
3    1.145298
4    1.151526
5    1.158867
6    1.163323
7    1.163323
8    1.165241
Name: distance, dtype: float64",facebook_image_10.png,True
john_doe_image_608.png,"['reunited_image_526.png', 'facebook_image_4.png', 'reunited_image_236-checkpoint.png', 'facebook_image_2.png', 'john_doe_image_442.png', 'facebook_image_9.png']","0    1.101757
1    1.115747
2    1.129841
3    1.133069
4    1.146109
5    1.158430
Name: distance, dtype: float64",reunited_image_526.png,True
reunited_image_530.png,['reunited_image_352.png'],"0    1.093103
Name: distance, dtype: float64",reunited_image_352.png,True
reunited_image_620.png,"['reunited_image_236-checkpoint.png', 'reunited_image_526.png', 'facebook_image_7.png']","0    1.071052
1    1.124928
2    1.157605
Name: distance, dtype: float64",reunited_image_236.png,True
john_doe_image_556.png,['john_doe_image_556.png'],"0    0.0
Name: distance, dtype: float64",john_doe_image_556.png,False
reunited_image_221.png,"['reunited_image_352.png', 'reunited_image_236-checkpoint.png']","0    1.078527
1    1.157783
Name: distance, dtype: float64",reunited_image_352.png,True
reunited_image_692.png,"['reunited_image_692.png', 'reunited_image_135.png']","0    0.000000
1    1.102541
Name: distance, dtype: float64",reunited_image_135.png,True
john_doe_image_194.png,['reunited_image_236-checkpoint.png'],"0    1.112227
Name: distance, dtype: float64",reunited_image_236.png,True
john_doe_image_740.png,"['facebook_image_15-checkpoint.png', 'facebook_image_15.png', 'facebook_image_1.png', 'facebook_image_1-checkpoint.png', 'john_doe_image_13-checkpoint.png', 'john_doe_image_13.png', 'reunited_image_526.png', 'facebook_image_16-checkpoint.png', 'reunited_image_420.png', 'facebook_image_11.png', 'facebook_image_6.png', 'john_doe_image_442.png', 'reunited_image_701-checkpoint.png', 'reunited_image_701.png']","0     0.991161
1     0.991161
2     1.040892
3     1.040892
4     1.047014
5     1.047014
6     1.088133
7     1.103945
8     1.133534
9     1.136452
10    1.153393
11    1.155946
12    1.162544
13    1.162544
Name: distance, dtype: float64",facebook_image_15.png,True
john_doe_image_600.png,"['facebook_image_1.png', 'facebook_image_1-checkpoint.png', 'john_doe_image_442.png', 'facebook_image_16-checkpoint.png', 'reunited_image_526.png', 'facebook_image_15-checkpoint.png', 'facebook_image_15.png', 'john_doe_image_13.png', 'john_doe_image_13-checkpoint.png', 'facebook_image_10.png', 'facebook_image_2.png', 'reunited_image_325-checkpoint.png']","0     1.013710
1     1.013710
2     1.082226
3     1.091395
4     1.123109
5     1.129113
6     1.129113
7     1.134250
8     1.134250
9     1.145390
10    1.147404
11    1.149070
Name: distance, dtype: float64",facebook_image_1.png,True
reunited_image_419.png,['reunited_image_236-checkpoint.png'],"0    1.0827
Name: distance, dtype: float64",reunited_image_236.png,True
reunited_image_590.png,"['reunited_image_236-checkpoint.png', 'reunited_image_135.png']","0    1.156122
1    1.157226
Name: distance, dtype: float64",reunited_image_236.png,True
reunited_image_720.png,"['reunited_image_701-checkpoint.png', 'reunited_image_701.png', 'reunited_image_25.png']","0    1.058840
1    1.058840
2    1.098457
Name: distance, dtype: float64",reunited_image_701.png,True
reunited_image_443.png,"['john_doe_image_13.png', 'john_doe_image_13-checkpoint.png', 'facebook_image_15-checkpoint.png', 'facebook_image_15.png', 'facebook_image_11.png', 'facebook_image_1.png', 'facebook_image_1-checkpoint.png', 'facebook_image_16-checkpoint.png', 'john_doe_image_442.png', 'reunited_image_526.png', 'facebook_image_9.png', 'reunited_image_701-checkpoint.png', 'reunited_image_701.png', 'john_doe_image_251-checkpoint.png', 'john_doe_image_251.png', 'facebook_image_4.png', 'facebook_image_13.png', 'facebook_image_13-checkpoint.png', 'facebook_image_10.png', 'reunited_image_25.png', 'reunited_image_494.png', 'reunited_image_750-checkpoint.png', 'reunited_image_750.png']","0     0.969937
1     0.969937
2     1.015277
3     1.015277
4     1.023211
5     1.024495
6     1.024495
7     1.062117
8     1.073569
9     1.075334
10    1.088719
11    1.101444
12    1.101444
13    1.125939
14    1.125939
15    1.137917
16    1.152427
17    1.152427
18    1.158220
19    1.158573
20    1.162779
21    1.168836
22    1.168836
Name: distance, dtype: float64",john_doe_image_13.png,True
reunited_image_306.png,['reunited_image_217.png'],"0    1.124787
Name: distance, dtype: float64",reunited_image_217.png,True
john_doe_image_647.png,"['facebook_image_1.png', 'facebook_image_1-checkpoint.png', 'facebook_image_16-checkpoint.png', 'john_doe_image_13.png', 'john_doe_image_13-checkpoint.png', 'reunited_image_526.png', 'facebook_image_15-checkpoint.png', 'facebook_image_15.png', 'john_doe_image_442.png']","0    0.987352
1    0.987352
2    1.067959
3    1.110258
4    1.110258
5    1.117615
6    1.145771
7    1.145771
8    1.146786
Name: distance, dtype: float64",facebook_image_1.png,True
john_doe_image_702.png,"['facebook_image_16-checkpoint.png', 'john_doe_image_251-checkpoint.png', 'john_doe_image_251.png', 'reunited_image_750-checkpoint.png', 'reunited_image_750.png']","0    1.120273
1    1.122030
2    1.122030
3    1.144986
4    1.144986
Name: distance, dtype: float64",facebook_image_16.png,True
john_doe_image_524.png,"['facebook_image_2.png', 'reunited_image_236-checkpoint.png']","0    1.058067
1    1.133695
Name: distance, dtype: float64",facebook_image_2.png,True
reunited_image_497.png,['reunited_image_236-checkpoint.png'],"0    1.136607
Name: distance, dtype: float64",reunited_image_236.png,True
reunited_image_200.png,"['reunited_image_236-checkpoint.png', 'reunited_image_504.png', 'reunited_image_504-checkpoint.png']","0    1.115280
1    1.168319
2    1.168319
Name: distance, dtype: float64",reunited_image_236.png,True
reunited_image_52.png,['reunited_image_500.png'],"0    1.168328
Name: distance, dtype: float64",reunited_image_500.png,True
john_doe_image_169.png,"['john_doe_image_13.png', 'john_doe_image_13-checkpoint.png', 'reunited_image_750.png', 'reunited_image_750-checkpoint.png', 'facebook_image_6.png', 'john_doe_image_251-checkpoint.png', 'john_doe_image_251.png']","0    1.091855
1    1.091855
2    1.113836
3    1.113836
4    1.133907
5    1.149173
6    1.149173
Name: distance, dtype: float64",john_doe_image_13.png,True
reunited_image_364.png,"['reunited_image_236-checkpoint.png', 'reunited_image_140.png']","0    1.129581
1    1.162640
Name: distance, dtype: float64",reunited_image_236.png,True
reunited_image_57.png,['john_doe_image_522.png'],"0    1.15691
Name: distance, dtype: float64",john_doe_image_522.png,True
reunited_image_25.png,"['reunited_image_25.png', 'reunited_image_592.png', 'reunited_image_701.png', 'reunited_image_701-checkpoint.png', 'facebook_image_13.png', 'facebook_image_13-checkpoint.png', 'reunited_image_167.png']","0    0.000000
1    1.061215
2    1.091661
3    1.091661
4    1.129014
5    1.129014
6    1.140648
Name: distance, dtype: float64",reunited_image_592.png,True
reunited_image_135.png,"['reunited_image_135.png', 'reunited_image_692.png']","0    0.000000
1    1.102541
Name: distance, dtype: float64",reunited_image_692.png,True
reunited_image_244.png,['reunited_image_236-checkpoint.png'],"0    1.141641
Name: distance, dtype: float64",reunited_image_236.png,True
john_doe_image_301.png,"['facebook_image_1-checkpoint.png', 'facebook_image_1.png', 'reunited_image_526.png', 'facebook_image_16-checkpoint.png', 'facebook_image_15.png', 'facebook_image_15-checkpoint.png', 'john_doe_image_442.png', 'john_doe_image_13.png', 'john_doe_image_13-checkpoint.png', 'facebook_image_7.png', 'reunited_image_140.png', 'facebook_image_4.png', 'facebook_image_5.png', 'reunited_image_325-checkpoint.png']","0     0.910222
1     0.910222
2     0.966844
3     0.989624
4     1.006127
5     1.006127
6     1.049621
7     1.088081
8     1.088081
9     1.118825
10    1.120009
11    1.154902
12    1.158327
13    1.168605
Name: distance, dtype: float64",facebook_image_1.png,True
john_doe_image_744.png,"['reunited_image_236-checkpoint.png', 'reunited_image_458.png']","0    1.142827
1    1.146040
Name: distance, dtype: float64",reunited_image_236.png,True
reunited_image_603.png,"['reunited_image_603.png', 'reunited_image_17.png']","0    0.000000
1    1.156708
Name: distance, dtype: float64",reunited_image_17.png,True
john_doe_image_71.png,"['reunited_image_325-checkpoint.png', 'reunited_image_526.png', 'john_doe_image_442.png', 'facebook_image_1.png', 'facebook_image_1-checkpoint.png', 'facebook_image_10.png', 'facebook_image_4.png']","0    1.087615
1    1.126570
2    1.135252
3    1.140545
4    1.140545
5    1.156800
6    1.158857
Name: distance, dtype: float64",reunited_image_325.png,True
reunited_image_331.png,"['john_doe_image_358.png', 'reunited_image_178.png']","0    1.116648
1    1.140453
Name: distance, dtype: float64",john_doe_image_358.png,True
john_doe_image_310.png,"['reunited_image_236-checkpoint.png', 'facebook_image_4.png', 'john_doe_image_522.png', 'john_doe_image_13.png', 'john_doe_image_13-checkpoint.png']","0    1.057342
1    1.107741
2    1.153766
3    1.168044
4    1.168044
Name: distance, dtype: float64",reunited_image_236.png,True
reunited_image_339.png,"['reunited_image_339.png', 'facebook_image_10.png', 'reunited_image_87.png']","0    0.000000
1    1.164383
2    1.167914
Name: distance, dtype: float64",facebook_image_10.png,True
reunited_image_651.png,"['facebook_image_5.png', 'john_doe_image_442.png', 'reunited_image_526.png', 'reunited_image_140.png', 'john_doe_image_13.png', 'john_doe_image_13-checkpoint.png', 'facebook_image_15-checkpoint.png', 'facebook_image_15.png']","0    1.043571
1    1.069200
2    1.107574
3    1.134314
4    1.138484
5    1.138484
6    1.154276
7    1.154276
Name: distance, dtype: float64",facebook_image_5.png,True
john_doe_image_346.png,['reunited_image_526.png'],"0    1.150059
Name: distance, dtype: float64",reunited_image_526.png,True
john_doe_image_754.png,"['john_doe_image_754-checkpoint.png', 'john_doe_image_754.png', 'john_doe_image_333.png']","0    0.000000
1    0.000000
2    1.104116
Name: distance, dtype: float64",john_doe_image_754.png,True
john_doe_image_392.png,"['facebook_image_16-checkpoint.png', 'facebook_image_1.png', 'facebook_image_1-checkpoint.png', 'reunited_image_526.png', 'john_doe_image_13.png', 'john_doe_image_13-checkpoint.png', 'john_doe_image_442.png', 'facebook_image_15-checkpoint.png', 'facebook_image_15.png', 'reunited_image_325-checkpoint.png', 'facebook_image_11.png']","0     0.916031
1     0.985223
2     0.985223
3     1.023541
4     1.053723
5     1.053723
6     1.129385
7     1.150052
8     1.150052
9     1.163499
10    1.169583
Name: distance, dtype: float64",facebook_image_16.png,True
john_doe_image_776.png,"['facebook_image_1-checkpoint.png', 'facebook_image_1.png', 'reunited_image_526.png', 'facebook_image_16-checkpoint.png', 'facebook_image_7.png', 'john_doe_image_442.png', 'john_doe_image_13.png', 'john_doe_image_13-checkpoint.png', 'facebook_image_15.png', 'facebook_image_15-checkpoint.png', 'reunited_image_140.png', 'john_doe_image_471.png']","0     0.936685
1     0.936685
2     1.000793
3     1.080746
4     1.082165
5     1.102574
6     1.123676
7     1.123676
8     1.137966
9     1.137966
10    1.148392
11    1.163522
Name: distance, dtype: float64",facebook_image_1.png,True
john_doe_image_336.png,"['john_doe_image_251-checkpoint.png', 'john_doe_image_251.png']","0    1.154433
1    1.154433
Name: distance, dtype: float64",john_doe_image_251.png,True
reunited_image_115.png,"['reunited_image_178.png', 'john_doe_image_32.png']","0    1.137617
1    1.148511
Name: distance, dtype: float64",reunited_image_178.png,True
reunited_image_217.png,['reunited_image_217.png'],"0    0.0
Name: distance, dtype: float64",reunited_image_217.png,False
john_doe_image_730.png,['reunited_image_236-checkpoint.png'],"0    1.148531
Name: distance, dtype: float64",reunited_image_236.png,True
reunited_image_606.png,"['john_doe_image_32.png', 'reunited_image_305.png']","0    0.967553
1    1.065974
Name: distance, dtype: float64",john_doe_image_32.png,True
john_doe_image_453.png,['facebook_image_8.png'],"0    1.130588
Name: distance, dtype: float64",facebook_image_8.png,True
reunited_image_148.png,"['reunited_image_526.png', 'facebook_image_9.png']","0    1.160030
1    1.169082
Name: distance, dtype: float64",reunited_image_526.png,True
reunited_image_75.png,"['john_doe_image_442.png', 'facebook_image_4.png', 'reunited_image_236-checkpoint.png']","0    1.145126
1    1.157266
2    1.166509
Name: distance, dtype: float64",john_doe_image_442.png,True
john_doe_image_706.png,"['facebook_image_15.png', 'facebook_image_15-checkpoint.png', 'facebook_image_1-checkpoint.png', 'facebook_image_1.png']","0    1.081534
1    1.081534
2    1.124311
3    1.124311
Name: distance, dtype: float64",facebook_image_15.png,True
john_doe_image_216.png,['reunited_image_236-checkpoint.png'],"0    1.158834
Name: distance, dtype: float64",reunited_image_236.png,True
reunited_image_648.png,"['john_doe_image_340.png', 'reunited_image_17.png']","0    1.138840
1    1.162358
Name: distance, dtype: float64",john_doe_image_340.png,True
reunited_image_504.png,"['reunited_image_504.png', 'reunited_image_504-checkpoint.png']","0    0.0
1    0.0
Name: distance, dtype: float64",reunited_image_504-checkpoint.png,True
reunited_image_327.png,"['facebook_image_16-checkpoint.png', 'reunited_image_526.png', 'facebook_image_1.png', 'facebook_image_1-checkpoint.png']","0    1.119140
1    1.143328
2    1.150204
3    1.150204
Name: distance, dtype: float64",facebook_image_16.png,True
john_doe_image_164.png,"['reunited_image_236-checkpoint.png', 'reunited_image_352.png']","0    1.144622
1    1.155947
Name: distance, dtype: float64",reunited_image_236.png,True
reunited_image_84.png,"['john_doe_image_13.png', 'john_doe_image_13-checkpoint.png', 'reunited_image_750-checkpoint.png', 'reunited_image_750.png', 'john_doe_image_333.png']","0    1.064674
1    1.064674
2    1.067288
3    1.067288
4    1.149429
Name: distance, dtype: float64",john_doe_image_13.png,True
reunited_image_232.png,['john_doe_image_313-checkpoint.png'],"0    1.107721
Name: distance, dtype: float64",john_doe_image_313.png,True
reunited_image_585.png,['facebook_image_2.png'],"0    1.163317
Name: distance, dtype: float64",facebook_image_2.png,True
reunited_image_228.png,"['reunited_image_140.png', 'john_doe_image_442.png', 'reunited_image_325-checkpoint.png', 'john_doe_image_13.png', 'john_doe_image_13-checkpoint.png']","0    0.960729
1    1.097583
2    1.124553
3    1.146248
4    1.146248
Name: distance, dtype: float64",reunited_image_140.png,True
reunited_image_152.png,"['reunited_image_152.png', 'john_doe_image_274.png', 'reunited_image_375.png']","0    0.000000
1    1.073232
2    1.141855
Name: distance, dtype: float64",john_doe_image_274.png,True
reunited_image_774.png,"['reunited_image_504.png', 'reunited_image_504-checkpoint.png']","0    1.137799
1    1.137799
Name: distance, dtype: float64",reunited_image_504.png,True
reunited_image_434.png,"['reunited_image_49.png', 'reunited_image_184.png', 'john_doe_image_313-checkpoint.png']","0    1.147849
1    1.157307
2    1.168138
Name: distance, dtype: float64",reunited_image_49.png,True
reunited_image_275.png,"['reunited_image_275.png', 'reunited_image_375.png', 'reunited_image_140.png']","0    0.000000
1    1.124539
2    1.160724
Name: distance, dtype: float64",reunited_image_375.png,True
reunited_image_500.png,"['reunited_image_500.png', 'john_doe_image_13.png', 'john_doe_image_13-checkpoint.png']","0    0.000000
1    1.087186
2    1.087186
Name: distance, dtype: float64",john_doe_image_13.png,True
john_doe_image_755.png,"['reunited_image_135.png', 'reunited_image_236-checkpoint.png']","0    1.113132
1    1.145277
Name: distance, dtype: float64",reunited_image_135.png,True
john_doe_image_36.png,"['john_doe_image_13.png', 'john_doe_image_13-checkpoint.png', 'facebook_image_1-checkpoint.png', 'facebook_image_1.png', 'john_doe_image_442.png', 'reunited_image_526.png', 'facebook_image_15-checkpoint.png', 'facebook_image_15.png', 'facebook_image_9.png', 'facebook_image_10.png', 'facebook_image_16-checkpoint.png', 'facebook_image_4.png', 'john_doe_image_32.png', 'reunited_image_140.png', 'reunited_image_420.png', 'john_doe_image_333.png']","0     0.918720
1     0.918720
2     1.009304
3     1.009304
4     1.025260
5     1.052626
6     1.067506
7     1.067506
8     1.073572
9     1.094018
10    1.119324
11    1.137651
12    1.151399
13    1.157028
14    1.158330
15    1.166179
Name: distance, dtype: float64",john_doe_image_13.png,True
reunited_image_483.png,"['john_doe_image_467.png', 'reunited_image_236-checkpoint.png']","0    1.152418
1    1.156016
Name: distance, dtype: float64",john_doe_image_467.png,True
john_doe_image_520.png,"['reunited_image_236-checkpoint.png', 'reunited_image_17.png']","0    1.106047
1    1.160602
Name: distance, dtype: float64",reunited_image_236.png,True
john_doe_image_491.png,"['facebook_image_1.png', 'facebook_image_1-checkpoint.png', 'facebook_image_16-checkpoint.png', 'facebook_image_15-checkpoint.png', 'facebook_image_15.png', 'reunited_image_526.png', 'john_doe_image_13.png', 'john_doe_image_13-checkpoint.png']","0    1.035895
1    1.035895
2    1.125540
3    1.139474
4    1.139474
5    1.142381
6    1.157647
7    1.157647
Name: distance, dtype: float64",facebook_image_1.png,True
reunited_image_745.png,"['reunited_image_504.png', 'reunited_image_504-checkpoint.png', 'reunited_image_236-checkpoint.png']","0    1.142604
1    1.142604
2    1.162080
Name: distance, dtype: float64",reunited_image_504.png,True
reunited_image_634.png,"['reunited_image_236-checkpoint.png', 'reunited_image_375.png', 'reunited_image_275.png', 'john_doe_image_522.png', 'facebook_image_4.png']","0    1.110511
1    1.114039
2    1.114608
3    1.137538
4    1.156503
Name: distance, dtype: float64",reunited_image_236.png,True
john_doe_image_717.png,"['reunited_image_305.png', 'john_doe_image_754-checkpoint.png', 'john_doe_image_754.png', 'facebook_image_11.png', 'john_doe_image_32.png', 'john_doe_image_442.png']","0    1.088859
1    1.101230
2    1.101230
3    1.116025
4    1.119380
5    1.148553
Name: distance, dtype: float64",reunited_image_305.png,True
john_doe_image_248.png,['john_doe_image_32.png'],"0    1.040791
Name: distance, dtype: float64",john_doe_image_32.png,True
john_doe_image_313.png,['john_doe_image_313-checkpoint.png'],"0    0.0
Name: distance, dtype: float64",john_doe_image_313.png,False
reunited_image_424.png,['reunited_image_352.png'],"0    1.153181
Name: distance, dtype: float64",reunited_image_352.png,True
reunited_image_205.png,"['reunited_image_325-checkpoint.png', 'john_doe_image_358.png', 'john_doe_image_522.png']","0    1.115396
1    1.144041
2    1.166912
Name: distance, dtype: float64",reunited_image_325.png,True
john_doe_image_145.png,"['facebook_image_16-checkpoint.png', 'john_doe_image_13.png', 'john_doe_image_13-checkpoint.png', 'reunited_image_526.png', 'facebook_image_1.png', 'facebook_image_1-checkpoint.png', 'facebook_image_15-checkpoint.png', 'facebook_image_15.png']","0    1.055672
1    1.085839
2    1.085839
3    1.102196
4    1.109484
5    1.109484
6    1.159621
7    1.159621
Name: distance, dtype: float64",facebook_image_16.png,True
reunited_image_156.png,"['john_doe_image_442.png', 'john_doe_image_13.png', 'john_doe_image_13-checkpoint.png', 'facebook_image_10.png', 'reunited_image_526.png']","0    1.088583
1    1.146253
2    1.146253
3    1.151844
4    1.164768
Name: distance, dtype: float64",john_doe_image_442.png,True
john_doe_image_201.png,"['reunited_image_526.png', 'facebook_image_16-checkpoint.png', 'facebook_image_1.png', 'facebook_image_1-checkpoint.png', 'facebook_image_7.png']","0    0.991898
1    0.996053
2    1.041649
3    1.041649
4    1.168261
Name: distance, dtype: float64",reunited_image_526.png,True
reunited_image_714.png,"['reunited_image_714.png', 'reunited_image_714-checkpoint.png']","0    0.0
1    0.0
Name: distance, dtype: float64",reunited_image_714-checkpoint.png,True
john_doe_image_403.png,"['reunited_image_140.png', 'facebook_image_1.png', 'facebook_image_1-checkpoint.png', 'john_doe_image_442.png', 'facebook_image_5.png', 'john_doe_image_13-checkpoint.png', 'john_doe_image_13.png', 'facebook_image_7.png', 'reunited_image_375.png', 'reunited_image_526.png', 'facebook_image_4.png']","0     1.020656
1     1.085130
2     1.085130
3     1.090560
4     1.091870
5     1.119831
6     1.119831
7     1.134775
8     1.140876
9     1.154900
10    1.164700
Name: distance, dtype: float64",reunited_image_140.png,True
reunited_image_4.png,['reunited_image_236-checkpoint.png'],"0    1.155724
Name: distance, dtype: float64",reunited_image_236.png,True
reunited_image_676.png,"['john_doe_image_471.png', 'john_doe_image_442.png', 'reunited_image_140.png', 'facebook_image_4.png', 'reunited_image_375.png', 'facebook_image_1.png', 'facebook_image_1-checkpoint.png']","0    1.087267
1    1.097241
2    1.107470
3    1.126671
4    1.157154
5    1.160910
6    1.160910
Name: distance, dtype: float64",john_doe_image_471.png,True
john_doe_image_511.png,['reunited_image_236-checkpoint.png'],"0    1.132008
Name: distance, dtype: float64",reunited_image_236.png,True
reunited_image_417.png,"['john_doe_image_522.png', 'reunited_image_236-checkpoint.png']","0    1.148023
1    1.166429
Name: distance, dtype: float64",john_doe_image_522.png,True
john_doe_image_766.png,"['reunited_image_526.png', 'john_doe_image_13.png', 'john_doe_image_13-checkpoint.png', 'facebook_image_16-checkpoint.png', 'facebook_image_1.png', 'facebook_image_1-checkpoint.png', 'john_doe_image_442.png']","0    1.010506
1    1.091190
2    1.091190
3    1.124760
4    1.144992
5    1.144992
6    1.145511
Name: distance, dtype: float64",reunited_image_526.png,True
reunited_image_252.png,"['facebook_image_15-checkpoint.png', 'facebook_image_15.png', 'facebook_image_7.png', 'john_doe_image_442.png']","0    1.119820
1    1.119820
2    1.135877
3    1.168164
Name: distance, dtype: float64",facebook_image_15.png,True
john_doe_image_749.png,"['reunited_image_365.png', 'john_doe_image_333.png', 'facebook_image_12.png']","0    1.079496
1    1.146484
2    1.169364
Name: distance, dtype: float64",reunited_image_365.png,True
reunited_image_534.png,['john_doe_image_358.png'],"0    1.146699
Name: distance, dtype: float64",john_doe_image_358.png,True
reunited_image_360.png,['reunited_image_236-checkpoint.png'],"0    1.162834
Name: distance, dtype: float64",reunited_image_236.png,True
john_doe_image_649.png,['john_doe_image_649.png'],"0    0.0
Name: distance, dtype: float64",john_doe_image_649.png,False
john_doe_image_195.png,"['facebook_image_4.png', 'reunited_image_236-checkpoint.png', 'john_doe_image_442.png']","0    1.091821
1    1.124079
2    1.149963
Name: distance, dtype: float64",facebook_image_4.png,True
john_doe_image_151.png,"['reunited_image_526.png', 'facebook_image_16-checkpoint.png', 'facebook_image_1.png', 'facebook_image_1-checkpoint.png']","0    0.939589
1    0.964560
2    1.002965
3    1.002965
Name: distance, dtype: float64",reunited_image_526.png,True
john_doe_image_80.png,"['facebook_image_1.png', 'facebook_image_1-checkpoint.png']","0    1.139984
1    1.139984
Name: distance, dtype: float64",facebook_image_1.png,True
reunited_image_469.png,['john_doe_image_556.png'],"0    1.16934
Name: distance, dtype: float64",john_doe_image_556.png,True
reunited_image_494.png,"['reunited_image_494.png', 'reunited_image_181.png', 'facebook_image_11.png']","0    0.000000
1    1.111458
2    1.128067
Name: distance, dtype: float64",reunited_image_181.png,True
john_doe_image_185.png,"['john_doe_image_13.png', 'john_doe_image_13-checkpoint.png', 'reunited_image_526.png', 'facebook_image_1.png', 'facebook_image_1-checkpoint.png', 'john_doe_image_442.png', 'facebook_image_16-checkpoint.png', 'facebook_image_15-checkpoint.png', 'facebook_image_15.png']","0    1.058528
1    1.058528
2    1.100313
3    1.109343
4    1.109343
5    1.125209
6    1.128408
7    1.169950
8    1.169950
Name: distance, dtype: float64",john_doe_image_13.png,True
john_doe_image_198.png,"['john_doe_image_198.png', 'john_doe_image_198-checkpoint.png']","0    0.0
1    0.0
Name: distance, dtype: float64",john_doe_image_198-checkpoint.png,True
john_doe_image_153.png,"['reunited_image_236-checkpoint.png', 'reunited_image_375.png', 'reunited_image_714.png', 'reunited_image_714-checkpoint.png']","0    1.100113
1    1.155969
2    1.165631
3    1.165631
Name: distance, dtype: float64",reunited_image_236.png,True
reunited_image_436.png,"['john_doe_image_442.png', 'facebook_image_1.png', 'facebook_image_1-checkpoint.png']","0    1.165558
1    1.166559
2    1.166559
Name: distance, dtype: float64",john_doe_image_442.png,True
reunited_image_422.png,"['reunited_image_701-checkpoint.png', 'reunited_image_701.png', 'reunited_image_167.png', 'reunited_image_526.png', 'facebook_image_9.png']","0    0.948571
1    0.948571
2    1.086418
3    1.133979
4    1.137743
Name: distance, dtype: float64",reunited_image_701.png,True
reunited_image_365.png,['reunited_image_365.png'],"0    0.0
Name: distance, dtype: float64",reunited_image_365.png,False
john_doe_image_797.png,"['reunited_image_458.png', 'reunited_image_236-checkpoint.png']","0    1.113424
1    1.129138
Name: distance, dtype: float64",reunited_image_458.png,True
john_doe_image_457.png,"['john_doe_image_13.png', 'john_doe_image_13-checkpoint.png', 'john_doe_image_358.png', 'reunited_image_140.png']","0    1.123388
1    1.123388
2    1.156619
3    1.163532
Name: distance, dtype: float64",john_doe_image_13.png,True
reunited_image_167.png,"['reunited_image_167.png', 'john_doe_image_340.png', 'facebook_image_13.png', 'facebook_image_13-checkpoint.png', 'reunited_image_25.png', 'reunited_image_17.png', 'john_doe_image_442.png', 'john_doe_image_32.png']","0    0.000000
1    1.024638
2    1.048880
3    1.048880
4    1.140648
5    1.144717
6    1.165927
7    1.168343
Name: distance, dtype: float64",john_doe_image_340.png,True
reunited_image_762.png,"['reunited_image_762.png', 'reunited_image_762-checkpoint.png']","0    0.0
1    0.0
Name: distance, dtype: float64",reunited_image_762-checkpoint.png,True
john_doe_image_288.png,"['reunited_image_526.png', 'facebook_image_1.png', 'facebook_image_1-checkpoint.png', 'john_doe_image_442.png', 'reunited_image_140.png', 'facebook_image_16-checkpoint.png', 'facebook_image_15-checkpoint.png', 'facebook_image_15.png']","0    1.095121
1    1.101886
2    1.101886
3    1.122521
4    1.136797
5    1.141157
6    1.166767
7    1.166767
Name: distance, dtype: float64",reunited_image_526.png,True
reunited_image_230.png,"['facebook_image_3.png', 'john_doe_image_70.png', 'john_doe_image_70-checkpoint.png', 'john_doe_image_442.png', 'facebook_image_10.png', 'facebook_image_12.png']","0    1.052878
1    1.154347
2    1.154347
3    1.161796
4    1.168833
5    1.169923
Name: distance, dtype: float64",facebook_image_3.png,True
reunited_image_592.png,"['reunited_image_592.png', 'reunited_image_25.png']","0    0.000000
1    1.061215
Name: distance, dtype: float64",reunited_image_25.png,True
reunited_image_51.png,['reunited_image_51.png'],"0    0.0
Name: distance, dtype: float64",reunited_image_51.png,False
john_doe_image_274.png,"['john_doe_image_274.png', 'reunited_image_152.png', 'reunited_image_375.png']","0    0.000000
1    1.073232
2    1.132041
Name: distance, dtype: float64",reunited_image_152.png,True
reunited_image_481.png,"['reunited_image_526.png', 'facebook_image_1.png', 'facebook_image_1-checkpoint.png']","0    1.158995
1    1.160498
2    1.160498
Name: distance, dtype: float64",reunited_image_526.png,True
reunited_image_726.png,"['reunited_image_526.png', 'reunited_image_25.png', 'facebook_image_9.png', 'facebook_image_10.png', 'reunited_image_167.png', 'john_doe_image_442.png', 'john_doe_image_13-checkpoint.png', 'john_doe_image_13.png', 'reunited_image_701.png', 'reunited_image_701-checkpoint.png', 'facebook_image_15.png', 'facebook_image_15-checkpoint.png', 'facebook_image_16-checkpoint.png', 'reunited_image_135.png', 'facebook_image_11.png']","0     1.049483
1     1.063180
2     1.080816
3     1.094113
4     1.097762
5     1.105582
6     1.116953
7     1.116953
8     1.126151
9     1.126151
10    1.129384
11    1.129384
12    1.150436
13    1.153665
14    1.166693
Name: distance, dtype: float64",reunited_image_526.png,True
john_doe_image_22.png,"['facebook_image_16-checkpoint.png', 'facebook_image_1.png', 'facebook_image_1-checkpoint.png', 'reunited_image_526.png', 'john_doe_image_13.png', 'john_doe_image_13-checkpoint.png', 'facebook_image_15.png', 'facebook_image_15-checkpoint.png', 'john_doe_image_442.png', 'reunited_image_140.png', 'facebook_image_9.png']","0     0.909387
1     0.958140
2     0.958140
3     1.003898
4     1.008115
5     1.008115
6     1.133970
7     1.133970
8     1.137813
9     1.144870
10    1.156417
Name: distance, dtype: float64",facebook_image_16.png,True
john_doe_image_522.png,"['john_doe_image_522.png', 'reunited_image_352.png', 'reunited_image_236-checkpoint.png']","0    0.000000
1    1.152217
2    1.160380
Name: distance, dtype: float64",reunited_image_352.png,True
reunited_image_701.png,"['reunited_image_701-checkpoint.png', 'reunited_image_701.png', 'facebook_image_11.png', 'reunited_image_25.png', 'facebook_image_9.png', 'john_doe_image_333.png', 'reunited_image_458.png']","0    0.000000
1    0.000000
2    1.063621
3    1.091661
4    1.137347
5    1.152390
6    1.159215
Name: distance, dtype: float64",reunited_image_701.png,True
reunited_image_162.png,"['reunited_image_236-checkpoint.png', 'john_doe_image_522.png']","0    1.057437
1    1.165680
Name: distance, dtype: float64",reunited_image_236.png,True
john_doe_image_70.png,"['john_doe_image_70.png', 'john_doe_image_70-checkpoint.png', 'facebook_image_4.png', 'facebook_image_3.png', 'facebook_image_12.png', 'john_doe_image_442.png', 'facebook_image_9.png', 'john_doe_image_333.png']","0    0.000000
1    0.000000
2    1.109157
3    1.128414
4    1.139571
5    1.151865
6    1.155522
7    1.161554
Name: distance, dtype: float64",john_doe_image_70-checkpoint.png,True
reunited_image_259.png,['reunited_image_236-checkpoint.png'],"0    1.115931
Name: distance, dtype: float64",reunited_image_236.png,True
john_doe_image_763.png,"['facebook_image_15.png', 'facebook_image_15-checkpoint.png', 'facebook_image_7.png', 'john_doe_image_13-checkpoint.png', 'john_doe_image_13.png', 'john_doe_image_442.png', 'facebook_image_4.png', 'reunited_image_167.png']","0    1.071692
1    1.071692
2    1.100461
3    1.149816
4    1.149816
5    1.150161
6    1.158024
7    1.162086
Name: distance, dtype: float64",facebook_image_15.png,True
john_doe_image_55.png,"['reunited_image_375.png', 'reunited_image_140.png', 'john_doe_image_442.png', 'reunited_image_236-checkpoint.png']","0    1.076877
1    1.103232
2    1.159745
3    1.166922
Name: distance, dtype: float64",reunited_image_375.png,True
reunited_image_100.png,['reunited_image_100.png'],"0    0.0
Name: distance, dtype: float64",reunited_image_100.png,False
reunited_image_458.png,"['reunited_image_458.png', 'reunited_image_701-checkpoint.png', 'reunited_image_701.png']","0    0.000000
1    1.159215
2    1.159215
Name: distance, dtype: float64",reunited_image_701-checkpoint.png,True
john_doe_image_449.png,"['facebook_image_16-checkpoint.png', 'john_doe_image_358.png', 'reunited_image_526.png']","0    1.059863
1    1.133236
2    1.143396
Name: distance, dtype: float64",facebook_image_16.png,True
reunited_image_547.png,"['john_doe_image_442.png', 'reunited_image_526.png']","0    1.110506
1    1.147242
Name: distance, dtype: float64",john_doe_image_442.png,True
john_doe_image_149.png,"['facebook_image_6.png', 'john_doe_image_251-checkpoint.png', 'john_doe_image_251.png']","0    1.066337
1    1.098826
2    1.098826
Name: distance, dtype: float64",facebook_image_6.png,True
reunited_image_455.png,['reunited_image_455.png'],"0    0.0
Name: distance, dtype: float64",reunited_image_455.png,False
reunited_image_355.png,['reunited_image_420.png'],"0    1.067795
Name: distance, dtype: float64",reunited_image_420.png,True
john_doe_image_467.png,"['john_doe_image_467.png', 'reunited_image_181.png']","0    0.000000
1    1.161788
Name: distance, dtype: float64",reunited_image_181.png,True
john_doe_image_124.png,"['facebook_image_16-checkpoint.png', 'facebook_image_1.png', 'facebook_image_1-checkpoint.png', 'reunited_image_526.png', 'john_doe_image_13.png', 'john_doe_image_13-checkpoint.png']","0    0.933768
1    1.060382
2    1.060382
3    1.105244
4    1.147715
5    1.147715
Name: distance, dtype: float64",facebook_image_16.png,True
reunited_image_236.png,"['reunited_image_236-checkpoint.png', 'john_doe_image_522.png']","0    0.00000
1    1.16038
Name: distance, dtype: float64",john_doe_image_522.png,True
reunited_image_431.png,['reunited_image_236-checkpoint.png'],"0    1.133026
Name: distance, dtype: float64",reunited_image_236.png,True
